{
  "Content": {
    "Textures\\World\\tree.png": {
      "Type": "Texture",
      "Compression": "NoCompression",
      "TextureTileWidth": 36,
      "TextureTileHeight": 64,
      "TextureStartFrame": 1,
      "TextureEndFrame": 5,
      "TextureHasTileSpacing": true
    },
    "Textures\\world.png": {
      "Type": "Texture",
      "Compression": "NoCompression",
      "TextureTileWidth": 32,
      "TextureTileHeight": 32,
      "TextureHasTileSpacing": true,
      "SoundLooping": true
    },
    "ContentConfig.json": {
      "Compression": "NoCompression"
    },
    "Fonts\\OpenSans-Regular.ttf": {
      "Type": "Font",
      "Compression": "NoCompression"
    },
    "Worlds\\main.json": {
      "Compression": "NoCompression"
    },
    "Textures\\Bullets\\bullet_generic.png": {
      "Type": "Texture",
      "Compression": "NoCompression"
    },
    "Textures\\Player\\player_crosshair.png": {
      "Type": "Texture",
      "Compression": "NoCompression"
    },
    "Textures\\Player\\player_gun.png": {
      "Type": "Texture",
      "Compression": "NoCompression"
    },
    "Textures\\Player\\player_running.png": {
      "Type": "Texture",
      "Compression": "NoCompression"
    },
    "Textures\\Player\\player_small_gun.png": {
      "Type": "Texture",
      "Compression": "NoCompression"
    }
  }
}